Run_ID,Dataset,Algorithm,Makespan,Throughput,Resource_Utilization,Imbalance_Degree,Total_Tasks_Success,Total_CPU_Time,Total_Wait_Time,Avg_Start_Time,Avg_Execution_Time,Avg_Finish_Time
1,RandomSimpleDatase.txt,Round-Robin,1785.969000000041,0.02351664558567312,0.9638241201280182,1.0851419807582126,42,258.2040000001434,6456.695999999298,153.73085714284042,6.147714285717701,159.87857142855813
2,RandomSimpleDatase.txt,Round-Robin,1250.4380000000237,0.03438795046215741,1.5757731824110481,1.5432617970555786,43,295.5610000001616,6826.436000000045,158.7543255813964,6.873511627910735,165.62783720930713
3,RandomSimpleDatase.txt,Round-Robin,1348.8439999999828,0.03410327658350453,1.9530699374180207,2.1857990980818047,46,395.1579999999958,7699.8989999990445,167.3891086956314,8.590391304347735,175.97949999997914
4,RandomSimpleDatase.txt,Round-Robin,1111.8279999999795,0.04137330594300633,2.4996432301871665,2.288287164529869,46,416.8759999998729,8564.318999999086,186.1808478260671,9.062521739127671,195.24336956519477
5,RandomSimpleDatase.txt,Round-Robin,1640.2970000000205,0.026824410457374152,1.7357303789101064,2.3542722804598735,44,427.06700000027195,8453.22000000003,192.11863636363705,9.706068181824362,201.8247045454614
6,RandomSimpleDatase.txt,Round-Robin,1221.0160000000033,0.03685455391247935,2.265446699030718,2.254023647821559,45,414.9219999995548,6678.532000000472,148.41182222223273,9.220488888878997,157.6323111111117
7,RandomSimpleDatase.txt,Round-Robin,1287.2970000000205,0.03495696797242539,1.9342700247105264,2.0543993659927775,45,373.4969999999739,7386.207000000635,164.13793333334746,8.299933333332755,172.4378666666802
8,RandomSimpleDatase.txt,Round-Robin,846.0779999999795,0.0555504338843477,2.8419523180283415,2.005262326127008,47,360.67699999990873,6262.823999999149,133.251574468067,7.673978723402313,140.9255531914693
9,RandomSimpleDatase.txt,Round-Robin,1334.375,0.03297423887587822,1.7001667447318378,1.9102847789717112,44,340.2990000002319,6913.233000000124,157.11893181818462,7.734068181823452,164.85300000000808
10,RandomSimpleDatase.txt,Round-Robin,1405.1870000000345,0.03131255839969977,1.7267832205487457,2.0309148056974657,44,363.9679999999935,7397.296999999904,168.1203863636342,8.271999999999851,176.39238636363405
